,LSI_1,LSI_2,LSI_3,LSI_4,LSI_5,LSI_6,LSI_7,LSI_8,LSI_9,LSI_10,LSI_11,LSI_12,LSI_13,LSI_14,LSI_15,LSI_16,LSI_17,LSI_18,LSI_19,LSI_20,LSI_21,LSI_22,LSI_23,LSI_24,LSI_25,LSI_26,LSI_27,LSI_28,LSI_29,LSI_30,LSI_31,LSI_32,LSI_33,LSI_34,LSI_35,LSI_36,LSI_37,LSI_38,LSI_39,LSI_40,LSI_41,LSI_42,LSI_43,LSI_44,LSI_45,LSI_46,LSI_47,LSI_48,LSI_49,LSI_50
0_RNA,21.17391655,-6.345044461,11.77014079,0.485457032,-2.066474614,6.684501596,5.262080362,1.036562988,0.277758604,0.216766613,0.891012022,0.18889153,-2.93826031,1.992683227,0.75389021,0.635994737,0.875826874,-1.094537367,-0.4600029,-0.321450935,0.258552113,-0.468464403,-1.121719112,3.211922042,-4.712506793,-4.478166105,0.274257574,1.080968206,2.667224056,-1.037133502,1.758091445,-1.010359004,-2.332513276,0.154200762,1.246282723,-0.903742276,-2.870053784,-1.920130263,-0.822860497,-3.156933162,-0.544943787,-1.612191432,1.03381383,1.249674244,2.925138431,-1.445287224,-0.306950206,-0.557927072,-0.285030804,-2.656293978
1_RNA,14.02058099,-5.065353094,2.168826075,1.125853526,-1.73069683,1.838875854,-7.509375009,-4.47270915,1.331713699,-0.170073616,-2.146555301,-1.541348252,5.579661429,-0.069672543,-0.065020955,0.192266504,1.98251933,0.459205677,-2.449751514,4.369116146,2.551176882,1.813034727,0.566535643,0.519232381,0.40988218,1.504272473,0.994019257,2.280999031,-2.432758518,-2.50828993,-1.376355668,-0.875367275,-1.670066527,1.322467547,-1.678399392,1.627323534,2.139778362,5.275561797,-0.438888203,1.315442851,1.798579623,1.8594498,0.370608215,-0.531894272,0.766056124,1.064037335,-2.29506524,0.493306189,0.747659878,-0.287223642
2_RNA,18.99473177,-5.821943416,9.742240781,1.608404564,-1.521782848,4.561433215,2.532728231,1.49962201,0.524186692,-2.32977205,2.025392733,2.65639567,-2.099108395,0.96995737,1.289972775,-0.784288306,-0.843179229,-1.967851317,-0.743878097,-1.359270732,-0.573946504,-0.437297249,-2.176793146,3.502174802,-7.047188979,-3.57965537,-0.923507904,1.493189478,0.617791284,-4.422799057,3.309222196,1.943290109,-4.199770651,2.319922092,1.058592649,-0.672557455,-2.01637089,-0.284980158,-2.510999278,-3.838901567,-1.361421863,3.60747827,2.628522109,1.259253181,0.998938273,-0.618091236,-1.38692329,0.836989887,-1.815511611,-2.030822651
3_RNA,19.92982853,-5.961281799,9.24855622,1.305316769,0.824602892,-1.429907799,9.483663759,5.323193638,-2.188850061,2.487544484,1.464106743,-2.32655876,-0.019945774,1.282833319,0.351972833,-2.712673307,-2.460578248,-4.319959045,-0.206214748,-0.389451604,-0.884310898,0.838378985,0.497958671,0.987654732,0.270073218,-1.052765499,-2.972083302,-2.084924686,2.22392038,0.154565167,-2.12867963,-0.616338212,-1.339464691,1.295012521,0.630541697,0.086142018,-3.294739952,-4.159745315,-0.819746619,-6.853296148,-1.209388656,-2.717850581,-1.174136402,-1.398814826,1.303696965,-0.369029348,-2.211883649,-0.591731971,0.592762282,0.418821097
4_RNA,15.84359102,-4.448112102,8.611285248,0.469654865,0.25569969,-2.32176737,4.737882683,2.875870833,-1.389071889,-0.522517545,1.356602766,1.148963884,-1.226246482,-0.226909315,0.02726921,-0.669548266,-0.79709132,0.609556052,0.626289311,-0.503128661,0.310029446,-1.804233521,1.243067226,1.803845586,-2.710206275,-2.623013313,0.13282274,1.87748019,3.139800496,-0.242443894,1.972232074,1.218111501,0.830663747,-1.095016577,-0.718848964,0.46578274,0.663197222,0.006856406,-0.026262757,-0.763400075,0.674044174,1.260189787,1.363935966,1.627297657,0.057726928,1.243716848,0.814932481,0.565768519,0.536604404,-0.311180503
5_RNA,22.13932929,-6.68658033,10.8802505,0.067128474,-6.063480109,16.64039819,2.833836809,-2.873770547,2.643564848,4.121806369,-3.140100055,-5.16650458,2.897146297,-1.289054446,3.998209594,6.815983423,-3.412643917,-3.693884513,1.646008378,1.202897851,-0.208609017,5.745871149,-10.54008804,-1.391032498,5.528872441,2.6591466,-0.786124376,-3.554715881,-3.215224187,-1.489631427,-1.080612551,-1.261083508,0.081759818,1.806501206,2.39200669,2.861223318,-6.074753538,-0.736476724,-1.727201585,-0.756639749,1.023445913,1.348122979,3.871512734,-0.356662326,-1.865951752,1.837625149,0.756978847,1.379037747,-2.353274065,-2.582767594
6_RNA,16.17033786,-5.49853435,7.543228694,-0.043662563,0.71992873,-9.286356298,-6.435145491,1.084462744,-1.996179781,-2.284539178,2.8670038,2.970019035,-1.400055783,1.984998563,-1.757996162,0.526340944,0.396400575,0.891478973,1.414099963,3.559907882,4.966256961,1.080907994,3.879462007,2.977474113,0.443791137,-1.843527605,-0.286077353,1.218819599,1.060266142,0.902980791,-0.948559065,-3.368634084,-1.212201548,0.604250783,-0.298049204,0.832092898,-0.548915994,2.715446662,0.346093794,1.042676049,-1.048588912,-4.364368181,-1.398542482,-2.215130727,0.448355408,-0.205386627,-3.255564102,1.606500467,4.095565188,1.49564705
7_RNA,-16.23010968,-0.417823834,-2.719521072,2.931083058,35.37563975,4.447006302,-3.486146774,6.791579994,-2.015412861,-5.18739495,-7.442581272,-0.661988952,1.19565673,4.515571891,-4.708591428,3.155421969,-0.549750591,-0.118494951,1.216771018,-1.184838074,-0.779314252,-0.887111235,-0.892156189,1.138660884,-0.118418081,-0.36071321,1.693500919,0.818768433,-1.487326766,0.607813342,0.055964042,0.439713031,1.957199401,1.606020368,2.36854259,0.132223662,1.51094924,-0.665556717,0.42431181,1.198037447,-0.484181248,-0.580641994,0.053648578,-0.653621687,0.001438123,-0.269412337,-1.004609476,0.350612023,0.13978482,-1.598439603
8_RNA,12.26593442,-4.445778952,5.695166383,1.318936805,-1.280193439,8.311064601,5.965662287,-0.602016688,1.434478784,4.254641128,-3.7397008,-2.023995967,3.995713757,-0.327145954,-1.239716484,-4.658696971,-1.647001682,-0.157470987,0.176281476,-0.086184617,0.545355531,-1.085759305,3.406375982,-2.275197972,0.674780807,-0.031197779,0.276830827,-1.243132773,-2.37481093,-0.053107506,-0.916892715,0.792298172,1.770883331,-0.410305932,-0.355571286,-0.182806952,1.918365729,2.287972729,0.938064781,1.7841893,3.240184712,1.308777651,-0.527882394,-0.737127401,0.451011896,1.775772833,-0.756497377,1.327553906,-0.037577898,0.420335488
9_RNA,6.09219274,-8.3615146,-33.56136354,-2.509601,-6.856795729,9.92260925,1.436952564,-1.204770266,2.508985595,-13.5376897,9.165011382,-8.001518843,9.372110464,-2.096665954,4.959127648,3.512484147,-4.825586571,4.299346894,2.120030976,0.685082075,0.830930928,-2.357294841,0.446069377,0.411132578,6.713639595,2.713232677,0.761902301,5.836686054,7.724039093,3.540211809,5.734530801,5.753037388,-4.691222927,-4.841841342,-0.004811545,-2.47774756,1.218424855,6.089741045,5.546152867,-9.834245088,-3.490289953,1.251378957,2.9054386,6.685264845,0.420212139,-6.629473358,2.611745765,-5.296217313,-4.973617854,3.764097275
10_RNA,10.01975933,-3.07496639,5.679611849,0.766523848,-0.44132366,2.175937512,-0.034185913,0.168405261,-0.236775201,-1.314269839,1.798792861,-0.71489678,-1.164614403,0.559564824,1.160791126,-0.631065872,0.100996634,-1.935296008,0.815020909,-0.171787393,-0.32414093,0.826814098,-0.512092215,-0.089755166,-1.731675477,1.040020105,-1.021803091,2.234228739,3.715199121,3.85272231,1.77956334,0.524989613,1.797729507,-1.188356588,-0.056919431,-0.634258874,1.313715377,-0.391934731,-0.581957679,4.299648029,-0.250981589,-1.779363304,1.329820067,0.408543045,-0.864444481,2.012223656,2.759465294,-1.084206161,0.809341118,-1.255115212
11_RNA,12.67520157,-4.122410231,5.882723334,3.363539971,0.16384702,1.269367503,-0.040987356,-0.046424807,-0.194643559,-2.400599245,0.057922582,-0.244296048,0.118129399,0.788828699,-0.284624789,-6.402743608,-2.701354247,-2.018889772,4.395909849,-5.168312952,-1.130673605,1.861881662,-6.285112285,0.321607984,-10.58517499,7.026682634,-1.853767564,0.096167105,-0.659750181,0.788766242,-1.342220118,-0.258629994,5.149871053,0.006985064,-1.629851585,1.216966455,2.427608832,2.555917482,-1.214197502,4.336657385,0.43705585,1.549510618,1.069695235,2.237046621,-0.037446111,-1.020633807,2.632893844,-1.814039337,-0.011839039,-0.299714884
12_RNA,12.93878513,-11.39247153,-43.1507246,-3.573149921,-3.80239081,0.3624928,7.10777904,3.596955336,0.217629841,-2.332738142,4.832142486,3.806690368,-0.445257724,-0.243219356,-1.986827257,-0.752497164,-0.113011043,1.067089838,-4.01208263,-0.473075054,2.633615946,0.646819012,-2.358980173,-0.644926776,-1.90958519,-1.004219915,2.22723879,-7.534731453,1.683696316,-1.470680051,4.154269862,-1.458075406,4.604345386,-4.034756488,2.184165396,1.432170574,-1.985870262,3.696974803,-0.136021292,0.914332263,1.720099234,-1.042369883,2.760210894,2.097109621,-2.226772705,-0.937760038,5.332105253,0.423102718,-1.514364677,-0.836818682
13_RNA,-26.68777167,-2.395470492,1.55247641,-1.416562727,-0.50561111,-1.65697998,1.384754288,0.771322359,-0.048223951,-0.502214641,0.388694265,2.022143289,-3.242680753,-3.836960494,10.44406457,-1.223186398,-2.364083542,2.104121885,-0.313699236,1.775122298,1.237534623,-0.51141063,0.300092918,1.555085929,-1.017010065,-0.764070194,1.531206125,-0.47412619,-2.033904222,-0.46301744,-1.990498592,-1.863190421,-1.605089011,0.057979455,-1.884460499,0.590940202,0.495301045,-0.124800471,-1.003094983,-1.732800946,2.706016425,-1.500000434,-0.81470736,0.053752542,1.235351538,2.099856002,1.335163692,-2.980749298,0.588310448,-0.928307175
14_RNA,21.72513003,-5.841618356,11.89552273,-0.214078835,-4.586251247,8.544006894,-0.380095531,-2.340346574,2.965477598,-4.822902961,3.829143016,3.947792349,-4.921797362,0.968953838,0.018304382,3.343464064,0.649949249,0.143852585,-0.308662963,-4.214379639,-4.859918387,-0.080293505,4.611497205,-5.620359262,7.016510148,-1.206369394,-0.81391157,-2.570115638,-1.287117814,-1.818576867,-2.321840708,0.445854167,0.08803046,-0.62296746,0.218298036,2.715472989,-3.079961268,-2.440361041,2.69000887,-2.049379943,-2.486398179,-2.319337778,-1.261110916,-0.606329552,0.476500573,1.068251571,-0.292984758,-0.016469166,2.391721397,2.217631992
15_RNA,-32.40517568,-4.492419266,2.959587405,-1.000065712,-12.3560481,-4.455870055,2.469844631,2.844289139,-0.773434505,-6.700553941,-8.878754395,0.181483656,1.481883483,-0.615341936,-4.215643272,-1.320598236,3.88347845,-0.59897567,1.861939991,-1.840090574,-0.884850807,1.017414767,-0.85681003,0.649358911,0.891103685,0.817087252,1.590245699,-1.61516186,0.370050021,-0.23638248,-1.732937039,-2.202124061,-2.485587297,-2.68820066,2.257238868,0.946714893,-0.246849211,-1.726346462,0.993968922,0.910049803,-0.940761476,0.51818421,1.197424784,-0.345783262,-2.848208373,-2.927136877,-3.575840855,-2.480320815,1.543493483,-0.617382445
16_RNA,16.40610819,-4.574190196,7.683045239,0.315944732,0.805818137,-6.088933525,-8.129741606,-1.224913686,-0.150465928,-2.977842275,4.468578018,4.002432657,-2.819444577,-2.578374024,-1.629601885,3.349236969,2.083386824,-2.243707299,3.807498013,0.24568668,2.979675632,-0.36223719,3.53465679,-2.535482926,3.765092523,1.178556606,-1.019654147,-5.399765779,-1.699327486,0.669392749,-3.001273446,-0.220851356,2.843504212,1.646496822,-0.877398512,0.939323665,0.021109412,-0.045470128,-2.447837265,-4.164485658,0.431130856,5.888849504,3.174419246,1.065481013,-1.751061103,-0.239591141,1.885814889,1.040884248,-0.776357128,-0.384318116
17_RNA,-14.04563729,-4.3838243,6.820837844,-0.617717038,-4.881046987,1.765968995,0.76261677,0.15929685,-0.575985346,1.947697636,6.178231907,1.671684124,0.514131903,2.183310946,-2.245939412,1.545288867,-0.467979653,-0.379795853,0.913145978,-0.227559592,-0.363324248,0.395131367,-2.173199149,2.122873172,-2.658805611,-2.698445114,0.565508967,-1.189770162,-0.207487734,-1.604240391,-0.113726636,-0.429556414,-2.07559182,-1.511536706,1.527760906,0.779408941,0.138413078,-1.548501828,-0.464488728,-0.14483379,0.488656145,0.758360466,-0.331287465,-0.497183538,0.452431139,2.271464554,-2.608252017,0.924370024,-1.406404897,0.449616821
18_RNA,-29.58036275,-2.771001707,1.968689841,-2.189913941,-11.36715102,-2.03975796,-0.144762582,1.931410628,-0.457786846,-6.934214338,-9.160684784,-1.617021454,-1.660446369,2.245839639,4.800774969,3.607314793,-3.806802406,3.860090638,-2.166370033,4.237708852,0.864804143,-2.258291823,3.399593515,-1.073096441,-1.909073573,4.195943119,-2.096837245,-3.529027332,0.976162539,-0.28431453,0.649721153,-2.551463686,0.680386453,0.002116067,-3.740854361,-2.04080063,-2.835776836,-0.062248783,2.746223351,1.413239716,3.095592903,1.26758602,1.451642502,-2.708660242,-1.017854792,-7.17420807,3.042117387,6.478050009,-1.702391662,4.76065157
19_RNA,-19.79031138,-0.102360202,-2.992872488,2.363145218,28.36431488,7.110399442,-3.392483419,3.312837604,-0.030332629,-2.259591338,-2.680266746,-0.90339631,1.576406406,-0.584897782,0.32579374,0.442538915,0.860547786,-6.00698784,-2.843635156,2.124144109,-1.088604446,-1.174953406,1.898970567,-2.066442837,-0.784915363,2.511895703,-2.316320207,-0.663296704,1.101270309,0.439594785,2.17742109,0.592457933,1.364998024,1.233288029,-1.997190872,-1.41663535,-1.152348216,0.33555577,1.882797941,1.176909727,-1.458693776,0.869052412,-1.274168232,-0.038758565,0.269718417,-0.885059823,1.950150348,-0.512839074,0.56545014,-0.719619323
20_RNA,2.690073312,-4.946246986,-14.02946567,-2.345426286,-4.243353981,5.450156013,-4.050018107,-2.396128029,1.317441777,-4.015924656,0.029457201,-3.454889405,1.238346586,-1.844127721,3.321095471,3.980332866,-3.594716887,1.47343327,-0.369168313,-0.92276654,-0.137111531,0.425149328,1.361995435,-0.126997396,4.318854484,1.561668981,3.134374728,4.5498668,6.612615308,2.388844459,4.56977132,1.484249826,-2.918723733,0.184624405,-1.546787529,-0.757949282,-0.777821048,2.855590927,1.000462087,-3.230376827,-4.099660518,2.757100496,-0.900846129,0.148914486,1.640280891,1.420853099,-0.467875888,-0.413779781,0.415602199,1.778880408
21_RNA,13.63286107,-5.341325278,4.53606457,0.219147573,-1.078764502,4.294307225,2.97267574,0.867018545,0.616283052,0.992503098,-1.185364915,-0.380991224,1.180805803,0.126230782,-1.494999381,-3.085879272,-2.635723179,-2.234556789,1.6522134,-1.463661324,-0.219106208,-0.838183134,0.728065544,1.144215528,-3.627826269,0.973559365,-1.403423523,-2.21231538,0.288982023,2.034033433,-4.63779667,-0.683381826,1.93178036,0.65989059,-0.978152546,0.037776616,2.267000267,3.734728689,-1.351890164,0.217718878,1.033398047,6.498092809,2.381271532,0.319265167,-2.181015398,0.92270581,1.910717973,1.06742463,-0.542773105,-1.446339913
22_RNA,14.44665771,-5.431404345,8.746469302,0.424997882,-0.055197581,1.732051235,-0.855029719,-0.807378403,0.817627967,-6.173869992,2.902635917,5.277480088,-3.604462851,-0.616664394,-0.582679484,1.766105219,3.523499692,1.882838922,-1.20516277,-2.807105346,-3.463370584,-1.397529269,0.736925254,-5.616875855,4.885885159,2.317752622,2.199732544,-1.517526968,-3.649714477,0.959943884,-0.348876274,1.420259262,0.316126743,0.335288775,-1.420110063,0.723646013,1.184997654,1.142620543,-0.494019415,-0.53390464,1.154356258,-0.502542247,0.416609469,-0.100719403,-1.18946357,0.923632043,1.803743569,-0.055829771,-1.296104877,-1.716413443
23_RNA,-13.65425413,-0.10154914,-3.315420682,1.1161067,40.63267085,3.238973542,-1.958658016,11.65263069,-1.869786956,-6.469615199,-8.478676128,0.124193663,-0.528919767,2.663967386,-0.55694815,4.293263324,-2.155389079,1.206290463,2.004592478,-0.475480832,-1.087033515,-0.695326439,-1.841123198,1.575787562,0.690322239,-1.902870287,2.055714852,0.565714238,-0.527300635,-1.201372182,-0.757278798,0.783116126,2.271192813,2.248518677,1.902957665,-2.618703076,1.410047627,0.177115422,1.867644515,0.846823701,-0.973094665,-0.185562052,-1.118126868,0.312880919,0.163345939,-0.141035613,-0.914529257,-0.284118369,0.32140265,0.899583487
24_RNA,15.94920567,-9.487747428,-22.50234092,-1.286647347,-3.992326508,4.997126821,1.801858732,-0.901889556,1.561281503,-10.11771458,7.837604933,-3.657545124,1.473365535,0.099506017,0.210600555,-3.052984932,0.411584747,-0.682900079,0.0110489,0.61912588,0.083668268,-0.902024093,0.91875845,0.169445789,-3.018344494,2.611610019,0.039744934,-5.505642242,-10.56246278,-4.633534525,-6.359995745,21.27584045,-22.33151562,-6.178992519,16.58583498,-10.01699786,-21.73155781,9.584047384,8.116717019,9.368634994,-1.232300693,-6.642162047,8.233305348,6.226108047,-3.628436415,-6.109432697,-0.661943199,-3.798838897,1.505652037,6.274196188
25_RNA,-23.77684762,1.215952391,0.199778498,2.292501943,3.87229807,-8.829102717,9.457766831,-13.95763537,0.472261677,-2.093704403,-0.471443791,1.196565711,1.700358383,-2.111389356,-1.063936527,-4.098006134,5.40372204,0.264343809,1.581584055,-0.800514165,1.577396702,0.803084682,-1.457254068,-1.474042851,1.306024861,-2.071260577,-5.355446823,-0.000749431,2.280845617,-3.772736099,1.816709362,3.708836266,3.104513509,2.113478421,7.256069939,1.345297001,3.337255754,0.330493645,-2.746887664,-0.801593197,-1.723411026,-0.256327274,-1.294538236,1.903222593,1.107327447,2.52126295,0.304531274,1.097199917,-1.641293854,-0.73614658
26_RNA,16.63962547,-5.689759825,7.888282223,-0.240807828,-0.869023379,2.105097389,-2.022535464,-0.930694958,0.904067128,-4.508106707,1.625441241,2.051040981,-1.512689204,0.067843162,0.151887795,0.415331424,1.410612071,-1.285966314,0.444969029,1.261389986,-0.150388776,0.554822977,1.603337199,1.306738174,-1.587766987,1.57871546,-0.02041103,-1.09238958,2.699216073,1.548114774,-0.562849244,0.284999407,0.400521987,-0.557792204,-1.042825932,-0.969786015,0.04542074,-1.530584547,-0.68487895,3.608228042,-1.775573874,2.505351662,-2.414843862,-2.292560984,-3.303258072,1.232866993,-0.874559628,-0.951577413,1.667507395,-0.321092081
27_RNA,11.14088097,-4.16686153,5.921723938,0.72085565,-0.211564458,5.11776758,0.560852799,-2.708811246,1.359409459,-2.608628785,0.876958999,3.228612113,-1.049716771,0.271778004,-1.625685532,0.258888862,3.740201042,1.48257684,0.654539753,-0.835024327,0.22590907,-2.003186157,3.289265147,-0.365286258,-1.274065729,1.117340198,1.104341212,2.267856969,-1.191118772,0.616537951,0.963910197,1.327881103,0.469132512,-1.697486849,-1.583176982,-0.079228404,3.48947875,4.165321756,0.50831972,1.653182337,1.265331019,2.296533379,1.02184263,0.598644994,0.862997954,1.671920548,-0.479260693,0.124581442,-0.106600428,-0.947505086
28_RNA,-36.56101172,-3.893689293,2.125275285,-0.255633333,-5.086605497,-2.782702876,1.537471887,-3.446225312,-1.109479165,0.29178948,2.716021315,-1.30644657,-1.431710246,2.301413796,1.404006096,0.002505316,1.075600217,4.395861904,3.069783973,-0.554303592,1.157180617,2.997235381,-0.827858137,0.513903567,1.523017224,-3.347391309,-1.613830324,-2.149087292,0.581966341,-2.389336773,-1.034440974,-2.197353355,1.259772077,0.98394268,5.119580957,2.259348698,-0.621936606,-0.595450013,-1.624461243,0.638567186,3.210194422,0.747224446,-3.874870897,-0.081423201,-1.204196895,-0.855515164,-6.346860621,2.363749735,0.447406711,0.785907809
29_RNA,16.35959673,-5.338943026,4.101338777,0.042690987,-1.085749421,-0.83667932,-0.416956288,-0.799735653,-0.515196642,5.390362545,-3.181553357,-1.77956437,2.975447336,-1.571412468,-3.266105776,1.721535698,1.874273246,-1.052431687,3.907990887,3.180695404,2.953481139,0.332345496,3.151221325,-0.197020569,2.446528519,-0.553752195,-1.729529597,0.498055037,-1.558693572,-0.538483982,-2.201430234,-2.279009654,2.60718718,-1.297804,-1.377009071,0.117532147,0.389446495,-3.826612478,-0.362595249,1.866090036,0.263790887,0.742761252,2.585506536,2.118842876,1.133293753,0.916643211,1.310050758,-1.105784265,-0.03590035,1.993130887
30_RNA,13.93111947,-5.727760345,10.40400157,0.682641773,-4.495789926,12.75205472,-4.246829045,-5.825832359,4.978678543,-11.12384545,6.588617023,9.661323747,-9.555601514,1.601071406,0.915177309,6.475616142,5.70991446,0.988019355,-2.073398385,-3.755089781,-6.837400076,-2.269107057,-2.699629503,-5.824968455,4.273452227,4.052879504,3.126023357,-0.937851423,-6.899259391,-3.404150152,2.551423003,5.492101833,-2.177800499,-0.185994163,-1.34373969,0.077946097,2.650258149,0.837531024,2.893598416,0.58292062,0.143457038,4.086333267,-4.543216195,-1.915566001,-0.110646532,4.927971472,-2.204201719,1.830678186,-2.946305031,-1.730566313
31_RNA,13.56564911,-4.712975861,8.13627122,0.124447033,-2.107915229,5.237123578,-1.93848246,-2.697492712,1.270805993,-2.943906839,1.219920797,3.769027839,-0.016872646,0.010786471,-0.132909922,2.110462631,3.525478959,0.124582165,0.758826062,1.520826378,1.668395422,0.23049819,2.24223656,2.386421702,-2.659072431,-0.420907452,2.106131723,2.197676114,2.814467232,-1.551770725,1.259508016,-0.656368448,0.369918743,-1.463258536,-1.268289879,1.199326017,2.52268265,-0.063690998,1.007207406,6.311445084,0.231779327,1.117213446,-0.562338495,0.346055829,-1.212302935,2.656098501,-0.991909052,-0.222975322,-1.745129817,2.046503165
32_RNA,-20.90119814,-1.367523351,0.157803603,0.566762017,2.292164472,-3.179179806,2.515917815,-5.202982835,1.551123439,-0.862361066,-1.865572275,1.86929323,2.014483374,-2.423633922,0.244927825,-3.26819523,3.936992901,1.115515894,1.107336889,-1.899089602,0.140278285,1.849427627,0.044775219,-0.396120161,0.479933596,0.81854594,-1.014697452,1.149417064,1.180011505,1.520738772,0.94485998,0.384839439,1.761620038,-0.519174464,-2.7109708,-0.951428591,-3.509509428,1.164762159,-0.664961249,0.526521153,1.196398647,0.407717739,2.266083342,-4.852316937,0.51741656,-0.104287773,-0.368350942,2.735285582,2.772821437,-2.167072607
33_RNA,16.7092405,-4.364958812,8.450616745,0.478229778,2.471278217,-7.915739366,3.754287117,5.164621068,-1.637750531,-1.4227134,2.947023511,2.927651236,-2.026956617,-0.356013892,-0.050757565,0.386432483,-0.25459997,0.151101764,1.8012715,-2.019476961,0.842322139,1.640158778,0.709766738,1.754727571,-2.456680362,-0.503795113,-1.597649724,1.841886652,3.568932408,1.193238554,0.981437223,-0.53779623,-0.074390224,-0.495057532,1.132677932,-0.365097545,-2.98442986,-2.295670825,-0.823099152,-2.981488923,-0.839216932,-2.030849447,1.323226909,0.303730696,-0.063751966,-2.032069328,0.723393415,-1.377151947,0.914151449,-0.266071633
34_RNA,15.84767232,-4.406827987,8.757029515,0.74094728,1.541502277,-2.934865607,7.002245664,5.18719344,0.276422379,2.946168372,-0.073480548,-0.672978901,-1.401275576,-1.293626254,-0.069909469,0.295993168,-3.135687272,-1.176484416,1.520478764,-0.459766509,-0.083743393,-0.126056719,1.083472955,-0.972414979,1.782398718,1.09958236,0.534373298,0.950957883,2.377210367,0.259240831,0.391631919,1.350061809,0.465273461,-0.36754357,0.491177153,0.130368906,-0.17925916,0.872668776,0.316914473,1.080552912,-0.233644515,-1.391824434,-1.885955986,-1.24641108,0.124236522,-0.460414415,0.639707365,0.112670314,0.709240673,0.801981926
35_RNA,12.0231036,-3.938070037,5.738639918,-0.406598632,-0.986519179,-1.767125752,-7.875018572,-3.353551557,-0.418504165,-0.742129652,-0.575860502,-1.511392568,-0.95426984,-3.06978904,-1.606472041,2.450903063,1.509867288,-1.976287321,6.144714498,2.187836262,8.779891329,0.50732981,-1.866027016,2.441661532,-2.077247222,1.014978649,0.663870387,-4.571568483,-1.78091219,2.551197343,1.687007494,2.843302469,0.812148033,-3.395368152,1.312897594,-0.874477814,1.913925511,1.482243818,1.004091994,-1.851771413,0.529245052,0.307724949,-0.614605294,-2.561774491,1.05359103,-0.276804721,-1.324676471,0.862760686,-0.171942149,-1.048980455
36_RNA,16.02062552,-5.290495837,9.785310033,1.014749481,-2.27986956,9.538396083,4.431118612,-1.490643574,2.310195355,-2.57145985,1.530760256,2.939082619,-0.655633259,2.369615362,-0.755832901,0.22547249,1.460330629,-0.443883837,-1.518372702,1.316646157,-0.162549808,-0.404661998,-3.87056201,2.74468375,-8.658662681,-1.783364914,0.03566258,0.323617204,0.914678804,-2.488919911,2.239149419,1.662288925,-1.825381437,-0.991017998,0.203334814,-0.07379268,-0.352787515,-3.459671193,2.862371441,-1.157932161,1.343732014,-1.78901486,-1.604289191,-0.281257252,5.020050568,-0.53037276,0.048481122,-0.112865918,-1.809776794,-0.96502159
37_RNA,14.93955843,-4.745633633,7.914177296,0.503296998,0.451601421,3.171470736,5.910471739,1.797417413,0.970264146,2.836816436,-2.801933103,-0.444840452,1.32958763,0.168138281,-0.863761184,-1.885810477,0.071423703,0.210512244,-0.500610512,0.832372248,1.555825781,-0.638970038,3.412815762,-0.494037926,0.594377014,-0.246570187,1.050264399,0.33359536,0.109654892,-0.005092553,-0.150905676,-0.229780546,0.716533359,0.393790387,-0.416452151,0.377335844,1.104668917,0.252413466,0.783795185,0.352799479,0.114857985,-2.581498943,0.099288272,0.954289866,0.542913988,-0.539630586,0.719047742,0.59621844,-0.384633994,-1.020136927
38_RNA,16.93918874,-5.192996749,7.402721172,-0.532016205,-0.088300484,-2.507513326,-3.729814558,0.027343821,-0.469168972,-8.777723477,5.780458081,4.173465235,-5.229638518,-2.006320198,-0.377153902,2.107813859,1.46489628,1.295868386,-3.807741873,-5.919945498,-9.874329207,-5.117203509,0.085475565,-7.849589803,5.538666246,-0.231347507,-0.814929478,-4.229057085,-3.009336372,6.090279798,-1.655570514,-0.05742577,2.734203788,-3.065663768,-0.750746427,-3.275394856,1.96014819,-3.656999382,0.020324781,2.661260719,2.062736233,-3.593973243,0.693361581,1.91903087,4.344154322,1.009991266,0.977409445,1.206001562,1.383295417,-1.122204639
39_RNA,17.34834773,-6.872461048,1.193232434,0.243494639,2.437693955,-11.89182023,-11.93585335,-2.317424309,-1.903799307,-1.497724,1.409198729,-2.141649437,2.850995453,2.537033923,1.99290571,-7.299351565,-6.833750614,-0.91974779,-1.485761216,-2.203117509,-4.172945596,-1.927979738,-0.774458559,-3.045687566,0.477394365,0.75691431,3.174756705,-6.07667112,3.701401941,6.025909574,-4.694878508,4.93838454,-0.6747449,-1.826497547,1.478728206,-3.667563159,4.004308577,-5.418032255,-1.32788276,-0.635570722,2.757397142,5.045058776,4.083051596,2.329016341,3.888167023,1.880727846,-1.888180132,2.233962669,2.576585524,-1.291949016
40_RNA,17.78324371,-6.47306282,6.339304708,1.210340447,-0.704526401,-3.9730508,-7.919023975,-2.127447839,-1.653373852,-2.958096507,2.656676173,3.020282199,3.071952444,1.442503175,-1.038915482,0.468716295,2.101599321,0.364527164,-4.03307125,4.9178777,4.119525865,1.402232985,3.205744694,3.995525594,-1.694617902,-2.002081455,-3.725838587,2.349020184,2.934873485,-4.466079845,-7.898145523,-8.121153773,1.983090667,4.447434896,-0.526850473,2.95344983,-4.494544015,5.584763824,-2.358488326,-4.304422333,0.242151787,2.308220457,3.870696648,2.554073838,-1.615365791,-0.305145553,0.112090877,0.559942327,-2.406935756,0.835722037
41_RNA,10.79040626,29.3773745,1.498504421,-4.737175119,-1.547354197,3.631213827,1.110307016,1.613969895,6.436905897,1.32935836,-2.326408989,-0.242125849,4.476359356,6.479046554,2.938455334,-0.68444508,2.985389263,0.806170625,-1.060092327,-0.525752991,3.624613865,-2.545443489,-3.206889154,-2.516540968,1.016845931,2.153776139,0.53374727,-2.236947776,-2.342039498,0.766745499,0.377434273,-0.750997285,-2.329297564,-1.02308247,0.568526221,-3.248618695,-0.649866935,0.66382031,-0.391465119,1.582480658,-2.919174649,2.060733834,1.232588448,-0.629329907,2.433574867,-1.13119457,-1.605731402,0.198147621,-3.884144327,-4.351783042
42_RNA,23.33792592,-5.85929365,11.93569111,1.910817025,1.095035953,-7.883194704,7.52268341,8.427725875,-3.069916762,3.279470548,2.638798331,-0.259648751,2.146193012,0.015958958,1.561781884,2.809157808,-0.694348703,1.557494879,-0.528149985,1.018357652,1.14498613,2.612436917,-4.529867571,-0.886449384,2.58181197,-0.193101684,-0.896756871,1.353163298,0.476326212,-2.385720097,1.902128565,-0.215350984,-1.16209514,-0.421441625,1.232932798,0.544785678,-2.95924201,0.309676984,1.714831807,-0.699217661,1.300769502,0.517883374,-0.370212937,0.777046604,-0.304120797,0.572134868,-1.33997303,0.633328369,1.54962186,0.995865613
43_RNA,-28.56757094,-2.231885433,-1.812889251,0.482063006,26.61926249,2.726304965,-0.573966682,4.810743258,-1.33536901,-8.969360358,-11.786675,1.250118344,4.897953651,0.598023643,-5.004091039,-0.005379137,5.654659959,-1.396138022,3.136205897,-3.136192511,-0.017872007,3.796346663,-5.086872646,-0.922871788,3.004695429,-5.368160052,-2.414577434,-0.371366971,1.599174804,-4.357234499,-1.294191876,0.357488263,1.988253122,1.772145103,2.091722021,-0.576863848,2.95268362,-1.113456838,1.551847004,1.489059244,-0.641163281,0.333805826,-3.559500541,4.507840731,0.086990399,-0.241824662,0.665750782,-1.07022734,-2.281378769,-0.159722443
44_RNA,15.67513794,-4.163530591,8.356562555,1.014624307,-1.452568967,2.443507052,0.611300399,-0.347049452,0.635918376,-3.717288632,2.299378758,0.67011523,-0.310591329,1.019748444,-0.889139016,1.337639743,2.338658283,0.839710557,-0.62318971,-0.02626264,-1.100191961,1.463313707,0.877147605,1.158869413,-4.308930202,0.566341139,-1.397968071,-2.196069782,1.255089045,-0.754772325,-0.76807694,1.042418625,0.459428301,0.853337737,-0.671684323,0.76156387,-1.310431645,-3.255143801,-1.394303032,-1.639165908,-1.479034382,3.427409654,0.732072964,-0.793350745,0.183849076,-0.431774441,1.020972364,-0.289118846,-0.929078127,1.132057657
45_RNA,-9.891712674,3.953852305,-0.293994399,4.106231991,10.09328941,-14.76797539,14.19074378,-15.5490119,-0.338218702,-7.531495451,-7.716881485,1.242248404,0.379715803,0.0721516,0.645290989,-1.192323272,-3.586101866,1.430530443,1.588635402,0.749905628,0.935518038,-2.541578976,0.19339837,1.083312354,0.455298212,-3.160441095,-1.386195826,-1.882456251,-2.285170203,0.513221025,-3.990021244,10.2328845,-5.316755061,-2.670734514,6.902058587,1.149587455,-3.350513884,-0.204066066,-1.609787189,3.686161279,1.225365894,-2.378334622,0.105101137,2.296575808,-1.643351184,-1.789855223,-0.022337038,-0.193622437,-1.689855212,-0.331482808
46_RNA,20.26364097,-5.322302854,10.63026073,1.635998302,2.454144102,-2.409148858,11.08277544,8.281959861,-1.926537841,4.427992118,-0.399877728,-1.560731576,0.37918668,-0.04126975,0.150656801,0.506152902,-2.651043253,0.768897436,0.7911319,0.391989968,0.966417132,1.201081635,0.753038938,-0.572206252,1.601375907,-0.922665124,1.290894273,0.207134597,0.520430939,-0.016039827,-0.404357926,-0.359903654,1.826326115,-0.92904769,0.10028482,-0.011121757,0.415449496,1.289660313,-0.09736539,1.543607893,0.43682682,0.710907432,1.670553576,2.111411055,-0.403345471,1.28571243,-0.639669076,1.092216472,-0.772321838,-0.708869823
47_RNA,15.81401274,22.96685335,0.087229646,-5.990946606,2.550761176,-11.39946203,-7.856345273,-2.134943841,-1.530686763,-3.164650673,0.078837122,0.882451228,1.292159925,7.791875334,2.09326407,-14.11784542,-7.526604977,-2.299020679,1.964338861,6.919837224,-3.940723238,-2.922406791,0.442708247,0.75753456,4.045957073,-8.970981362,0.119086554,2.014597869,-7.819136572,-7.192145051,9.240135853,-4.965840334,-5.987764693,-1.275711409,-2.075312225,-1.644472859,-1.173727601,-2.028428053,-3.130822622,0.454648121,-1.708065352,0.709398349,0.669494855,1.407865859,-1.75975075,2.686494892,0.628900168,2.40979149,5.026731543,-1.849018866
48_RNA,-27.3204846,-2.653693025,0.972274384,-1.700178991,-2.308174202,-0.626349203,-0.254762432,-0.737459966,0.336284153,1.623316023,1.29149294,0.769895995,3.458216887,0.099927751,-4.957949246,-2.420133635,3.341834244,0.955222061,2.629152081,-2.447637855,0.276243653,1.355817061,-1.394124315,0.834040369,2.053045751,-1.346278766,3.249642107,2.1939291,-2.604269232,1.948271574,-1.774669334,-0.557901739,-3.073277765,-2.617562566,1.877995536,3.346162547,3.348928153,-1.374097961,-1.970579924,0.174173586,-1.789572067,0.157635032,0.504011526,0.572337777,-0.75783534,1.196682369,-0.280750241,-5.072040763,-0.284159919,1.58284716
49_RNA,18.56313948,-6.377779568,3.517476365,0.001649633,2.531959532,-12.23861447,-8.608006451,-0.135069018,-2.699074857,-0.185725592,0.349771497,-2.480611666,5.296500816,0.463188003,-0.315379822,-2.728841603,1.270960465,3.467052816,-4.938428465,4.990994814,0.975024552,1.69563241,-0.654496855,0.498618194,-0.24827284,-1.086892529,-0.571176177,1.693685182,0.303281323,0.742024207,-2.606111918,-0.804963173,0.216075498,0.17943205,-0.851869134,-1.526215171,1.803315549,2.493818261,-0.814497585,-0.064381884,1.259120025,2.071667075,5.478297484,4.595955932,2.831784864,1.776558051,-0.856827701,2.329374429,-1.609228912,-1.807630475
50_RNA,18.52560035,-5.45505359,9.714931763,1.024696132,0.964688382,-2.486801448,4.452608164,3.49208427,-1.399002261,-2.968401998,4.133126701,2.650990422,-2.300690616,0.530990421,0.148090631,0.859607952,-0.917246906,0.412176572,-0.307904568,-1.568805606,-1.1324076,-0.09233016,-1.617421021,2.10525027,-3.450450587,-0.504187482,0.434780457,0.92814307,0.59285568,-1.418937619,1.219713063,1.115877545,-0.842834701,0.297570383,0.6145438,0.446956403,-1.760504011,-5.432059682,0.382389581,-0.603094957,-1.121940628,-0.106057906,-0.579270076,-0.52194168,0.475105897,-0.622261547,-0.516995137,-1.373536915,0.254836362,0.162401083
51_RNA,9.369777635,-9.543048442,-34.84872876,-2.625961494,-0.388279203,5.464931633,7.722516022,3.744877513,1.31771469,-8.721373983,7.385813402,-2.214967487,8.561797926,-3.74479474,-1.412257475,0.328627733,0.757757361,-1.272733183,2.136251713,1.43280281,2.751011181,-1.52768524,3.676923247,-0.330884379,1.331735743,-1.404971976,-2.700806002,3.072324241,-5.066774738,-0.623134579,-2.06406793,0.893851334,1.896530981,-1.939123428,-3.111642643,-1.907822818,2.882442103,-4.993005479,1.363256477,0.349737173,-1.901827549,-2.712964603,-0.002514599,-3.291444813,0.488841226,-1.863582258,-1.218105504,0.092854964,0.860523669,-0.422653528
52_RNA,-15.53716919,25.33117737,-0.22240965,-7.054801974,-4.949499289,-5.080871753,-4.131355038,5.214712875,16.14126984,1.985353654,1.049277197,-3.301136384,-5.362854954,-9.079565036,-3.082520959,4.198820322,-6.484677628,-1.314122181,-0.371966482,-1.937418735,3.863978887,11.25075833,3.763060375,-3.567458952,-6.648041771,-3.937929427,3.864549291,0.555004176,-4.329034433,1.083220632,2.185679497,0.516329038,2.569667684,1.732983628,2.302505594,1.346724957,1.80604973,-3.290904849,3.926913336,-5.089148329,1.83635458,0.255436917,-0.393634374,5.730151672,-5.097462792,-4.2510884,-0.204925079,2.093633152,4.610002577,2.237258644
53_RNA,14.71688277,-4.340222485,9.463520172,0.024419646,-1.87500535,11.77506194,3.212122245,-1.624705607,1.484242196,1.280611822,-2.287293332,-1.379237737,4.012094857,-0.45310492,0.78565853,-0.328279843,-0.306226285,-0.100416808,-1.95743711,2.000215195,-0.19507845,1.317573207,-4.923024413,-0.470390147,0.174448432,2.494303529,0.329007673,-3.068549334,-2.481887152,-1.640829345,-1.041083512,2.842419799,0.049137046,0.198743154,0.765412648,1.829847784,-0.101280942,-1.509943837,-0.966506045,-0.373990137,0.352642764,4.271176167,-1.750992464,-3.884721142,-2.062454712,-0.136977095,1.336723707,-0.366290374,-1.495248616,-2.446413187
54_RNA,15.15094752,-5.646777685,7.892171204,0.740609756,-0.494837158,5.52256267,6.95715257,1.925022516,0.956638035,2.346239156,-1.223868651,-1.244822029,1.596895944,0.801321858,-0.596318004,-2.968450251,-0.599783981,-0.676488291,0.811299748,-0.574504153,0.336276471,-0.409202962,2.707883915,-0.756961706,-0.373417126,-0.901846958,1.413726057,-1.514523225,0.431086127,-0.526794223,-0.585954943,0.109209496,1.061132068,0.104831342,0.411391692,-0.001766761,-0.205785073,-0.384625395,1.281229229,-0.791970389,-0.983830239,-0.5460925,-1.04899317,0.522565905,-1.286046509,-1.594580112,0.335805497,-0.688975249,-0.586995178,0.544328285
55_RNA,-18.44581297,0.323436294,-1.530817774,0.625027147,27.70737097,1.936399862,0.520834444,-0.228844941,-0.879828094,-0.114744372,-0.02298443,0.40833209,-0.164651951,-1.157678258,-0.878319979,1.00588476,0.640441902,-0.363008728,-0.799314779,-0.034515034,-0.866283377,0.666624898,-0.93729613,-1.04101099,-0.525017793,2.238931364,-0.101613576,0.240688739,0.285226207,0.599218313,1.718897178,-3.126720644,-2.218612554,-1.589954741,-2.788895153,-0.145600586,-1.143722627,0.871150391,1.179939731,0.682682103,-1.298130696,0.005926947,0.261572239,2.893878877,0.231244776,-0.875540581,0.953006841,-1.275644617,-0.002193546,1.004302989
56_RNA,-30.75648111,-3.231814309,2.273036043,-1.757702661,-10.47307591,-0.521870212,-2.414357833,5.884227626,-0.047126986,-0.32550702,-0.277757552,-0.276354184,0.322011888,5.538409376,-6.913582964,2.759843813,-2.416355877,-0.991445856,1.145792076,1.106756268,0.968515884,-1.868942425,-0.265231772,-0.052639028,-1.758782975,1.761570219,0.827874243,-0.011943769,0.161289539,3.933427778,0.763508582,-1.525713327,-2.152362894,-1.895676685,0.911753277,2.441492961,-1.914347875,0.135430938,-2.736478826,-2.317766393,1.888258764,-0.237919747,-0.585954734,-1.021631568,1.759144107,3.175765332,0.38500831,-1.214428199,1.25742145,-0.183309292
57_RNA,11.9422474,-2.260663345,7.861568327,-0.293843988,-2.529838743,9.902034309,4.732899568,-0.885214946,0.883290924,-1.900132517,-0.831066607,0.975457746,-0.346567868,0.123142058,-0.05755002,-0.934999651,-0.36800027,-1.140146087,-0.167530404,-1.493655728,0.021434666,-0.105812331,1.222495385,1.038432027,-2.739052845,-2.496657709,0.898605106,0.542657274,2.436981442,-0.635157137,-0.178067431,-0.759418412,2.44908644,-1.243376515,0.039101748,0.78738519,0.14204473,-0.516643163,-1.057025113,1.991261755,1.203018641,-0.136599443,2.752285022,1.197591555,0.329573674,-0.338288907,0.412721894,-0.626290252,-2.649643662,-1.510501753
58_RNA,11.51634552,-4.277964931,6.320992205,0.446111669,-2.033578849,6.459906562,-3.7574069,-2.455527464,2.125011892,-5.337147555,0.554260141,3.911144991,-4.368004772,0.86402655,-0.030650926,1.390099424,0.720584194,-1.187674044,2.925896912,-4.514622368,-2.128078308,-1.465743723,2.143103318,-3.560056836,2.385930973,1.376119337,1.197474781,-0.293180106,2.611845625,1.588221193,0.338927485,1.510023931,2.460065636,-0.291168686,2.110176073,-0.095905378,-0.371532171,-4.330555214,-0.277573526,-0.087275514,-0.62240275,-1.210941383,-0.032584576,-1.605705712,0.507760162,-0.781932568,0.252992124,-0.143038398,1.219321799,0.745645308
59_RNA,13.90526695,-5.456112673,3.307701507,-0.250349075,-0.634937006,0.178564032,-8.333037848,-4.417430392,1.373055733,-3.360096659,-0.411498058,2.018805695,-2.610371473,2.539665255,0.360948881,-2.813185049,-3.127935428,-1.603249985,2.735386982,-3.640994836,-0.736645197,-1.274674344,2.458686274,-0.30578685,2.237280987,0.729825193,2.684506531,-1.321334804,2.953673592,3.609944645,-4.744278675,0.47130982,-0.509773806,3.889083437,2.302055258,0.336533025,0.168008433,-2.653081985,0.579586362,-5.988514982,0.163829248,-1.789019272,-0.598505447,-1.130364956,-0.152168826,-0.254626669,-0.787591019,0.974541748,2.883719757,0.50676402
60_RNA,-28.11709063,-3.19477929,1.748593635,-1.43875674,-6.421033136,-3.620573938,2.241811876,2.874772059,-0.281006024,-5.803493104,-7.649768764,1.757179882,-2.358539905,-5.23064413,7.202333616,-2.486354056,0.16360702,-1.161688926,-0.893120382,0.966079138,0.129576606,-0.235536699,0.718542131,-0.161065281,-0.623558177,0.682446129,2.449137558,1.227433075,-1.480988307,2.239531572,-0.916793518,0.886492769,-0.792560137,0.169373477,-0.626191296,0.002813658,-1.49253128,0.683642566,-1.074061596,-1.567224517,-2.07309403,-0.095377423,1.00416831,-2.825142508,1.755641655,4.886040404,3.173087878,0.235886439,1.539069029,0.635727864
61_RNA,17.49433055,-3.294280553,7.025560249,-0.776082639,3.047828899,-6.171055178,6.28121881,4.667440661,-1.836900375,0.390347549,0.614033314,-1.389659205,-4.236389748,-3.575547783,-3.039318962,-2.279620478,-1.500432333,0.616019586,-0.062498207,0.502495622,0.520806064,-3.506114087,-1.841661892,1.899128358,-1.72131111,-6.234794811,-3.736572459,0.419047371,-1.616984659,6.701767086,3.800603627,-0.790342958,-2.983296364,-1.632866647,-0.708850105,-3.679722723,4.847644938,2.601122684,0.79782358,-0.855356664,-0.624341187,-4.114404497,-4.027423721,-1.651997053,1.037530087,-0.701468367,-1.23516442,0.156492563,0.422785747,-1.770683778
62_RNA,-5.935765032,-2.648366554,4.549806417,0.111410981,6.684663684,5.410281004,3.939592115,-3.718798861,1.750574316,5.03891802,0.799516877,-0.783126088,1.313764244,-1.753105328,1.035663293,-3.535331274,1.516562515,2.921449877,1.353430467,-1.362924695,-0.184838154,1.950453866,1.29379897,-1.170077064,1.445789339,0.798083107,0.73300717,-0.348847555,0.901333233,0.186812766,0.886097991,-1.553034299,-1.720816776,-1.75612227,-0.316430653,-0.769484546,-1.175272446,0.024154657,0.468542703,3.280037007,-0.282030227,-0.806105757,-2.62825762,0.587635362,0.918208552,1.436994684,-1.066200817,0.857401354,-2.39810162,3.513875986
63_RNA,18.53014713,-4.993397255,9.713082905,1.148143624,1.53653274,-0.957926893,7.955681213,5.787624057,-0.141643241,3.054738934,-0.676885637,-2.282172819,2.225308392,-2.059916876,-0.05457783,-2.032260749,-2.221170575,0.598952463,-1.976122725,0.82219681,0.931624689,1.283564333,-1.446882372,-1.565845926,1.965446724,-1.351478536,-0.91742805,-0.779800965,-1.731020771,0.367071296,2.469859927,-2.905379872,-0.360467252,-0.001512464,-1.843939465,0.050413665,-0.92551919,-1.75187867,-1.820703349,0.563320724,-1.853929857,-1.204828618,0.155380547,0.955080283,-0.396099567,-0.312434371,0.40481591,0.021056029,0.634883,-0.688883896
64_RNA,9.411726405,21.70394882,-1.26091223,1.149523676,-0.18337171,-6.754271268,-10.81824523,3.46172875,23.23579444,-0.950941327,-4.17490719,-16.43880656,-16.04045404,-29.99593259,-19.94446798,-3.492078694,-2.43078309,0.725203036,-6.181654358,-5.489556563,13.385337,-17.2524964,-7.459901003,1.995094014,2.59812201,7.788571119,3.697894241,-3.727551862,2.136653719,-7.933155141,-3.111208601,0.385037727,4.88042139,-3.725865008,-1.513854769,-1.627352952,2.172840074,-1.548883475,-3.33955527,-2.097426194,-8.57360912,-1.179165045,0.127597765,1.46170035,0.306586962,1.01885401,-1.412817323,-0.150819681,-0.052402766,0.200707599
65_RNA,14.67704516,-5.014610617,5.656497035,0.494621157,1.462065592,-0.289809916,5.25144464,3.219966746,-0.150248153,2.637402002,-0.756642743,-1.448383458,2.961833592,-0.320890707,-0.563878037,-1.237765083,-0.143526411,1.095001034,-0.601510387,0.505913831,0.069745825,-0.64901146,2.235600652,-1.253773049,0.076718761,0.047509575,-0.634476691,-0.779246609,-0.989459937,1.234900525,-0.308590163,-2.182953065,1.295414798,-0.155030521,-0.60323948,-0.592309388,2.375365227,1.531514809,-0.738199859,1.648552294,0.991750206,0.740124577,2.251418458,3.430014509,0.385526434,-0.143756841,0.999310551,0.230455987,0.017427486,-1.616559819
66_RNA,15.68649446,-5.15144965,2.302759792,-0.455884831,-0.36704264,-3.931617282,-4.955095736,-1.496415229,-2.976785548,4.849481491,-2.545488979,-1.430841112,-0.673106909,-4.106639584,-1.127272091,6.534481449,1.587160196,-3.054989233,5.623379385,0.563335411,3.612720377,-1.260082404,3.026150071,2.186470869,-0.854605927,-3.017482218,-1.084438353,-2.127841326,-1.368004963,-0.369137647,3.053464172,0.276947702,0.856782793,-1.221572281,-0.026577116,-0.384223116,-1.414155587,-0.841510836,-0.044259384,-0.385962766,1.062577396,0.240914936,0.565877191,0.013474669,2.793581723,0.091578526,0.403644771,0.935347151,-0.255079645,-0.545182379
67_RNA,-31.12677493,-3.695303058,1.460247783,-1.385921347,-7.834115519,-0.550358986,-0.569780505,1.550603725,0.160845446,1.014956061,-0.09432363,1.387618355,-1.366029652,-0.441482889,2.353282757,-0.023234319,-1.788556896,-3.018306504,-2.247051285,2.357324539,-0.16519018,-0.100919254,2.110835553,-0.805067355,0.716453886,1.764188271,-4.016715574,-1.927951523,2.61178057,-1.681412192,-0.738829281,-0.926489319,0.311151803,0.522859048,-0.639059772,-0.984460808,1.020461367,1.970131306,5.295777766,-0.331726704,1.285451201,0.35095737,2.420087473,-1.241751361,0.039343725,0.028096722,1.080538774,-1.390589011,0.974380081,-1.497660901
68_RNA,21.08002531,-5.647934941,8.378313218,0.825219153,4.658889272,-19.71795319,2.763003092,9.624677765,-4.684999765,0.064112962,3.223899118,1.303129581,-1.095473901,-1.295325483,-1.579733177,0.221753716,0.224405659,3.210019901,-1.496440978,0.803337627,0.303066426,-0.521317162,1.932700565,-0.895588829,1.506428202,0.459437519,-0.50961166,2.223693189,1.115416379,1.623636455,-1.735067949,-1.070399725,0.754854693,0.151596631,-0.560718239,-0.237829251,0.712703911,3.966670624,-0.895484734,-0.018029546,0.955397612,1.722683032,0.191449851,1.151005003,0.363371685,0.269907782,0.70714619,-0.629094521,-0.922246393,0.254201601
69_RNA,19.57965872,-5.393118321,9.416834703,-0.017712871,0.791971573,-1.142419053,9.254944758,6.096999169,-1.457982524,3.504488829,0.119633196,-1.718162252,0.933553542,-0.34287592,0.488987148,-0.703108817,-3.126458112,1.639300313,0.706888349,0.783729605,-0.534459912,1.760006229,-1.947322088,-1.486007195,3.077286811,1.380184904,0.597581146,-0.982992574,-0.775945108,0.215950231,-0.351770114,1.458363574,-2.066391144,0.375125588,0.351470589,-1.359723392,1.230272179,3.302274125,-0.010954377,1.125834984,0.97451385,0.952971614,-3.061135659,-1.235828986,-0.480682482,1.157395152,-0.584387295,0.909275564,-0.681929745,0.564935368
70_RNA,15.93142844,-5.022400686,7.534874145,-0.078992565,1.003769138,-4.474090094,-2.287341921,1.325491896,0.242895992,-2.781853606,1.548334917,3.202064007,-2.467939223,0.617089431,-0.906344824,1.52986593,-1.345982587,0.922917802,1.677638391,1.134206817,2.537884574,1.72708145,3.494049333,1.985187634,-0.581006471,-2.426464336,0.354020279,1.934869984,3.745835161,-1.179584689,-1.727089131,-1.056815443,0.942734305,1.072637671,2.282380158,0.08494111,-3.737891236,-2.147625294,-0.487083948,0.267457711,-1.775971052,-1.27100659,-1.258426397,-1.470170756,-0.885527707,0.857748426,0.096791355,0.685149112,1.068807668,0.408776738
71_RNA,10.24948852,-4.948959815,-4.514514685,-1.170584187,-2.292906682,-2.742199574,-9.170226165,-2.780839257,-2.028903405,-0.2585397,0.762014891,-8.31705777,16.36807395,-5.326391277,3.867383013,5.089064956,4.426531138,-1.708975073,-4.798465101,-6.21865935,-6.518533447,-3.126059353,-0.570996695,-0.130024563,-3.785354022,-1.057033461,2.471794668,-4.187067088,-3.181192315,-2.787690494,2.50205895,-0.156621695,-1.229830571,2.813942465,-0.642342067,1.301462488,-0.288188144,0.72168306,0.713808913,0.772665884,0.589417237,-1.710527667,1.555491611,1.247898373,-1.296042551,-0.617441562,-1.671840241,-0.879758435,2.593838905,0.769373085
72_RNA,-27.99146334,-1.976871912,0.350975537,-0.761506871,2.816076921,0.899932243,0.351630606,-4.391327608,1.872634538,5.15156465,6.291444801,-0.871724151,1.794913125,-0.069097094,-5.537460571,-1.01185951,3.004436634,4.540085659,3.310006437,-4.508516588,0.487648145,2.164206327,-2.157389484,0.178576979,0.765690636,-1.35558728,3.964547934,0.815119335,0.799219595,1.443917366,-1.360026225,-0.590041062,-0.784220738,-0.610629549,-7.813894763,-1.708424536,-2.76223449,-1.217055522,0.474231396,0.477487496,0.474989951,-0.714828483,0.759571631,-0.166226407,-0.523970869,-1.395984577,0.846345984,0.350672036,0.492223985,-3.31902674
73_RNA,9.698821537,-4.485921149,3.053152315,0.808849683,-2.7208571,1.271692022,-9.433002301,-5.794446374,-0.029318996,-0.529759756,-1.197322034,0.081526166,3.451965848,-0.876305038,0.780006966,2.47520102,3.1458396,0.96886382,0.117952519,2.802799735,1.64302647,0.875853474,-2.307547458,0.173887373,-1.500076435,2.879556763,0.027395923,0.497618497,0.675965515,-0.234395947,-1.362994843,-0.128167806,-1.10539472,1.680690356,-0.048397548,2.314986121,-1.026492824,-0.616642995,-0.062285571,-0.140070161,0.54402143,0.379169647,0.21311556,-2.311541446,-0.926695335,-1.629707409,2.457641438,-1.185653039,-1.503538965,1.543948361
74_RNA,6.725782321,42.62410687,-1.981003994,-9.05797902,2.931583154,-7.66209261,-0.584404383,1.247542247,15.84918463,0.824637826,-0.141966705,-4.684635347,-1.745228216,-9.312060675,-7.357715905,2.368590382,-2.895819757,-2.507618621,-0.990513466,-0.376656522,-1.391799296,9.017831137,4.36359448,-3.657650313,-5.467980311,1.848273024,7.852081157,1.406007073,-2.405513052,-6.835735594,0.225111933,-3.712436002,-1.505589231,0.568862895,0.763366556,-5.936322701,0.288493474,-1.169025078,-0.986887795,-0.263660681,-8.41775006,-1.711088704,1.421181726,2.433545132,-3.691109316,4.439090446,-3.418390907,4.509599634,-3.132892725,-2.543429034
75_RNA,14.06926276,-4.749801341,3.704152379,-0.449404273,1.94800239,-6.576332149,-4.015628733,-0.440472089,-0.320303435,-2.011844978,0.911566598,1.617025977,2.546287003,0.657902376,-2.154268666,-2.798033751,1.516010006,0.85924975,-0.456728499,3.088593104,2.626648713,-0.235193339,0.700196773,1.247251386,-1.725651227,1.918536635,-1.446318348,-1.120106738,0.011044865,-1.234013644,-0.451581721,1.062763567,1.382186445,0.506471338,1.694565395,-3.058924151,-1.072437693,-0.360061895,-0.210505685,0.742580579,0.203691096,3.076782499,-1.428876625,-0.348904567,-0.864397594,1.677951487,1.011834191,-1.047094911,-0.696336816,-1.587342098
76_RNA,12.54490399,-5.645224545,-13.67019398,-2.620108274,0.755585025,-6.495270014,-2.493500626,-1.725440585,-1.002166978,9.732920947,-4.939722777,1.891338048,-9.130693436,2.863430389,1.206294012,-0.873912193,-4.558110494,-3.666469272,3.243708243,-6.980506157,-2.320005187,-0.053737809,-1.38347908,1.265796145,-2.531690168,1.699845118,1.719469276,-0.323448327,3.04286119,2.909817592,0.136929073,-0.99585094,-1.439198561,3.131318169,0.283328271,-1.009242126,-0.946968948,0.865815473,-0.15364642,0.102947054,-0.50436638,0.002614722,5.376160822,2.216897492,1.666879761,1.756781479,-0.391665895,1.730104799,-2.076483861,-1.296598721
77_RNA,14.72865878,-5.068682187,7.409149139,2.10368749,-1.927033947,7.968199183,5.626806668,-0.083377399,1.502318977,5.36015193,-3.084533178,-1.868996879,4.623965762,-0.914235422,-0.088426499,-1.983712051,-0.436883543,0.975310767,-1.903554474,0.441517114,-0.80998918,-0.096731125,0.980983502,-1.813708278,-0.082811184,0.800904354,1.148090315,-1.500341836,-1.717241188,0.974312976,-0.782948035,0.124208057,1.21618215,0.698477595,-1.621576216,-0.6603829,3.270929379,1.016642683,-1.790043353,-0.295538692,-0.508848988,5.541056128,1.556686411,0.842052611,-0.461675781,-0.499044353,0.265074092,-0.945397146,-0.995951169,-0.766729735
78_RNA,-11.18376148,-4.404548198,5.682867562,-1.589707697,-3.660489968,-1.552291918,-0.022806738,3.621591932,-0.57545061,-0.086490287,4.877301841,1.305554496,-1.086987021,2.548793588,-2.679983791,2.264876779,-0.156356101,-0.717045717,0.59825852,-1.233788535,-1.847660244,-0.153831878,-0.029527715,0.96744796,0.489754268,-0.810417949,2.15512135,2.464942877,-0.56342765,0.866412522,0.963028324,1.297303442,-0.386795625,-0.474626694,-1.204218476,0.356386074,0.282384034,-1.078571517,1.238328298,0.115975898,-1.914925171,-0.925980157,0.753809864,1.062703961,-1.32532577,-2.260771382,-0.830013179,-1.046570156,-0.141443822,-1.990690714
79_RNA,-32.41959816,-1.845857447,1.022991218,-2.503712559,-3.010330269,1.317348322,-3.433426486,3.040414885,-0.409731963,5.261500322,7.40383854,-0.056572778,-0.059035895,2.702099292,-3.219838546,1.387959453,-3.075003457,-1.95049402,-1.116208244,-0.045810226,1.413898148,-2.373845109,-1.650445784,2.231966071,0.926262536,-2.292198504,2.24548617,1.218110253,-2.942033678,-0.15860889,-2.720126749,1.483025324,1.934953433,0.952851364,3.551479088,0.785826694,2.709254842,-1.481332398,-1.677821868,-1.061808443,-1.049103813,-0.562358682,-2.706105543,2.769426291,-1.880005303,1.36453266,-1.1489146,-0.195153192,0.4437349,-0.342789599
80_RNA,4.21510987,-5.568144989,-20.8737853,-1.926306342,-4.797557627,8.334657157,-0.194816172,-1.452589182,2.68507957,-5.473290027,4.805518503,-5.038833954,3.022185804,-0.795307421,4.866773569,2.772337982,-2.477258701,2.457181435,-1.594812307,-0.420903653,0.293906763,-2.734047062,0.823692899,1.130884547,4.885692982,2.758916372,0.67455651,9.03316917,4.111043026,0.501610974,4.280656945,5.322276559,-0.955246337,-5.584966881,-0.862338452,-3.465101386,1.462596634,3.227516782,2.359760508,-7.103898731,-1.280080949,3.717565917,-1.030223898,4.428746351,1.838167149,-2.354689218,-0.772233556,-1.353720477,0.150600676,1.830184187
81_RNA,8.839545256,-9.464722282,-37.45517901,-2.711848472,-1.681916656,3.980142063,5.129552058,1.720837254,1.087931886,-2.725538586,0.416279853,1.614866999,-2.238174868,0.732777157,-1.524610241,-1.447635299,0.272501206,0.995416414,0.158724823,2.761274967,1.987764144,0.053049936,-0.53348292,-1.774996227,-0.546848048,1.823061139,-1.966747055,0.359462766,-0.845176038,0.274699436,-1.033418518,0.836014313,0.51289225,-4.400194579,-0.351057487,0.09812651,-1.205221274,-1.740697748,-1.723798328,1.751801784,1.515989912,-1.756810882,3.306331054,0.540003904,0.526136257,1.133422598,2.18604081,2.690961496,-2.662702611,-1.871024134
82_RNA,14.04707895,-4.496582757,2.341987595,0.611263867,0.237376873,-6.344738178,-11.21282609,-5.44886898,-1.552233991,-1.852437535,-1.041404219,-2.612010609,-0.843760424,3.990096389,2.659249859,-13.59860025,-13.72930616,-5.405311178,9.27723437,-8.214776031,-2.365417033,2.814871261,-7.760487803,-0.697502027,-6.378830995,4.488116649,-0.070197238,-1.16230129,-3.799047023,-1.005627883,6.159505718,1.465519297,3.243197297,-3.42052179,-2.132067441,1.085924212,2.51821732,1.224357105,2.521078062,2.130965482,-0.792565421,-4.647839419,-2.586722177,-2.287552977,1.632917411,-1.480252331,-0.079330258,-1.132831611,0.168425927,-0.742801429
83_RNA,-31.41967128,-4.076287524,1.932342304,-1.5956667,-5.209492845,-0.764923723,-0.266694391,-1.237855573,-0.282700106,5.345811595,5.536149943,1.739534952,1.188490847,-4.328403006,4.513543757,-3.074871203,2.716114862,-0.33523376,-1.226366506,-0.589516121,0.071046642,0.700632203,2.605715812,-0.407771382,0.37901885,0.23479493,-2.963724054,-0.496083281,-0.479020449,-0.627505125,2.990917205,1.295488427,3.845008893,3.153147187,6.416115382,-2.801239485,1.151129627,-0.265040889,0.384745267,0.044571602,-2.980168015,1.720418115,0.424144324,-0.676791019,-0.506361842,-2.149683076,-4.362595547,-2.302259591,0.596710372,-1.327200205
84_RNA,-22.63454463,0.736555196,-2.80825774,0.765477116,24.93628918,4.789833645,-0.35913866,-3.177210701,0.463034579,2.44800679,2.191624031,1.126778379,-0.48799735,-2.869417852,0.461224294,-1.575374764,1.466502776,1.322859058,0.000929132,-1.016177183,-0.300586989,0.354865735,0.247357483,0.142064591,-1.589891814,2.997608704,3.018681522,-0.868904861,0.053972751,1.318020164,-1.606378681,-5.515337557,-4.823061263,-3.72219258,-2.942541104,0.456526667,-1.971917224,-0.759248774,-0.218203829,-1.427760537,0.732024558,1.237568966,-0.04296885,-0.442132256,-0.015267648,-1.580828455,0.406518605,0.380796496,-0.451047406,-0.247335143
85_RNA,24.65221934,-6.627176054,12.71495733,-0.541375245,-0.217344944,-1.479946047,12.98855163,8.626345292,-1.460507367,3.833908723,0.950703211,-2.72946165,2.608060794,-1.755606154,1.318102124,2.977124354,-4.758259611,0.511251099,0.914341588,1.525104495,1.229170273,3.740676159,-5.096062659,-1.714547242,7.873983267,1.905730661,-1.443677388,-1.173462764,-1.104581008,0.656738014,0.850122686,1.099695035,0.509118492,0.538595913,0.913828783,-0.002573125,-0.051687861,2.044117769,-1.431546253,0.155332073,0.655182523,2.166393073,0.483981214,-1.38702582,-1.453228486,-1.573776171,2.736440755,-1.312231079,-2.893584798,-0.183028223
86_RNA,9.125254709,41.58605041,-0.870494554,-6.125757813,-2.01765593,-3.499332717,-2.35461357,6.359137864,11.73170654,0.989666984,-2.445582342,-5.337250146,-3.533596731,-9.866301237,-3.703962262,1.165161261,-1.73486222,1.471572719,1.303946261,3.685308434,-4.075074966,10.72088682,2.269602786,-4.409179563,-3.664940861,-3.756920635,1.397665259,2.917402552,-1.604688634,-0.119266076,1.297764266,1.956082495,0.285838462,4.653912744,1.173276586,7.486489829,-2.673470168,-1.25047117,6.489114538,-0.151102707,-1.384663039,2.221006464,-0.884159817,2.973027166,-6.12695467,2.737068122,3.48786472,2.960834263,9.362667374,0.756069472
87_RNA,15.11445274,-5.015724471,5.02007309,-1.499683311,-8.519783528,21.45084651,-3.517200224,-9.6431311,1.626289163,5.796401442,-6.940628941,-5.540668457,1.171785024,-6.435094556,4.157882905,9.770029997,-4.003881119,-5.238592795,8.420546029,2.531562688,4.891320275,3.495732695,-2.470037504,-1.209163856,9.824065968,-3.439460413,1.346759532,-0.567690687,-0.25594015,-0.486509888,1.724702829,-1.040994119,6.006822028,-7.916356689,2.271361312,0.596942813,-5.746998116,0.866360462,0.52636335,-0.168413889,-3.241929964,-0.294793579,1.585502214,3.208838421,0.845218116,-0.100103227,-3.156963304,0.528574615,-3.86056436,1.846313559
88_RNA,12.3676106,-5.278796572,6.77193886,0.944905158,0.100632557,4.478756452,1.432162489,-0.519798524,1.878354275,-0.823443561,0.796014932,1.539516763,-0.653588083,0.652394586,-0.554092134,-1.152165763,2.924595898,0.715964642,-0.873725909,0.180027557,-0.675713592,-1.617611375,1.434698815,0.304300144,0.046779811,-0.865258165,1.852538596,0.91426268,0.027649157,-0.760457922,1.424960862,0.355416303,-0.132229285,-0.329043691,-0.376212286,1.227185264,0.234771057,-1.1977464,0.050308125,-1.372838395,-1.932935171,-3.462182484,-0.035971974,1.184452318,1.4160839,-0.976253604,0.061772546,-1.164840489,0.607491803,0.097165515
89_RNA,17.71534945,-6.350258469,0.385592424,-0.312495026,0.230860102,-7.533601349,0.451647306,3.366437033,-2.461472101,7.377359567,-5.105300047,1.498947741,-2.520720969,-0.261099157,-2.179338644,2.546774653,2.106712054,-0.244957719,1.920222207,0.318503484,2.235538317,1.934161665,-1.586227198,-0.593153331,0.501450366,5.197928149,-3.52705676,-0.185186355,-0.976410468,1.238013341,-1.392291101,-1.95768595,-0.074736153,4.140785636,-1.384059403,0.503281931,0.087610743,-4.712065626,-2.266284893,2.855265798,1.024840478,0.73661728,5.517577848,2.632852178,2.809402068,2.248380149,1.451355438,0.740724257,-1.074425607,0.987801472
90_RNA,6.646254948,48.65019589,-3.972330113,-11.91097424,-1.439711378,5.76783858,2.720876059,-2.260986283,-17.6175314,-0.343944346,2.176995657,1.669203068,0.931108116,-1.021155319,-2.826734204,-1.758768967,-1.351179667,-1.043905058,-1.461814476,-0.367009755,3.358921979,-5.020333695,-1.759882407,0.671553466,1.223890987,5.414488354,5.805743058,0.558961903,0.663807346,-2.812686233,-0.86262993,-1.851406416,2.072246458,0.351270946,-0.784120899,0.209218228,1.478699359,-1.673746338,3.905080669,-3.219888742,-4.776732371,-2.84526206,2.228963087,1.791749378,-8.105503954,5.55662814,0.577251991,3.577942168,-2.883399437,5.378679873
91_RNA,-23.86830401,-0.789575482,0.232127122,0.842955614,9.190729199,-2.07281295,4.58978767,-8.384511836,2.18930433,2.615158786,3.91039582,0.626474671,1.065730668,-0.858399727,-2.165342543,-1.110990189,2.391386013,3.345338316,2.354235006,-1.602198202,0.56245634,0.660464066,-1.800900391,-0.23412594,0.615234547,-0.16305444,1.089423789,0.710982245,1.527195665,1.26322256,0.198254111,-1.406984256,-1.833038163,-3.210077492,0.085993441,2.350119968,0.08810943,1.548170592,-1.194856329,-0.787510784,0.184131698,-0.426596879,0.633999035,-0.840470234,-0.627172487,-0.213501858,0.020036901,1.452867626,-1.080689866,-0.445228593
92_RNA,16.45813873,26.60879664,5.372310765,-5.889776137,-3.056095872,3.961886662,4.174164513,2.487459361,-1.037072932,4.624273713,-2.199022764,0.294118243,4.722403172,1.239907799,1.233982765,1.423819449,0.492541296,-1.348078383,6.673099801,2.971902507,2.502310382,-0.137448262,-1.036384036,-7.445897497,1.915179147,-1.817533815,2.002487402,-3.874478428,-0.540740237,-1.968825722,0.579198681,-2.506326608,0.982305924,-2.348334414,3.256181689,-2.824960275,-1.285061915,0.121892331,-1.158858207,-2.819396872,-0.019076484,-2.02038447,2.273605246,5.665057693,-4.167763607,-2.022522486,3.405586865,1.679548742,5.449181244,-4.595477673
93_RNA,-22.5401367,-1.0876346,0.431727218,-0.096624946,10.67183223,5.360123722,-4.178072018,0.447051895,0.471015492,4.490109277,4.813784682,-1.000440939,-0.504539787,-0.24846269,0.157669236,-1.082180804,-0.090337716,2.306474091,-0.037534383,-0.273591067,0.313386621,0.924199261,1.487144733,-1.599340408,-1.236436912,1.693658388,0.607829264,1.267491059,-0.955580813,0.877124572,1.456631636,0.018287499,-0.819638388,-1.838674399,0.056077843,-0.283096672,-0.744369649,-0.193087571,-1.691413129,-0.441604118,-0.521098385,0.112267806,0.342593456,1.415435334,0.448845074,1.221307048,1.806401715,-3.361962302,-1.104634252,1.252280082
94_RNA,-21.7520385,-0.304539353,0.287300159,-1.387642904,7.326778416,0.210111016,0.970904762,-2.998224103,1.885188368,2.242019619,1.905986854,-0.604005142,0.356902076,-0.100035042,-0.840743738,-1.413510544,0.808957244,3.904661016,0.885806044,-1.46723485,1.360130435,-0.401124971,0.85429118,0.551429582,-1.657929678,1.990071159,3.880637599,1.162130056,-2.236843587,2.335060459,-0.139071362,-1.818166106,-1.11869792,-0.259558727,-1.378604035,0.746912463,-0.682061313,-0.213204275,-0.381427553,-0.835276795,1.148362734,-0.047782507,0.628153269,1.634611317,-1.071237044,0.865347132,1.423285647,-2.186930412,-0.461233744,1.467135524
95_RNA,-18.11871145,-1.22694663,-2.403685412,0.723562078,28.7169031,5.709079439,-4.37824332,5.706576409,-0.475625241,-2.896346956,-5.03604362,-2.180870102,1.209020761,3.608032684,-4.237543854,1.345053112,-0.017877638,2.475675455,0.974500612,-1.971756587,0.41056691,-0.50431944,-0.407298443,0.969478017,0.937352522,0.241128998,0.56421778,0.854170948,-0.022918367,1.351201215,0.398149196,-0.235821876,-0.593158196,-1.273184996,0.294144801,0.587351079,0.56948355,0.001177461,0.077771595,-0.168258579,0.112059843,-0.076091101,-0.26806036,0.033052591,-0.431365023,-0.114640961,0.015444462,0.541644264,0.148694343,-0.322957524
96_RNA,-10.81944333,-2.080655416,3.14498779,0.622123114,12.39906872,0.451217906,3.395127608,-2.067894888,0.095258543,4.264286642,4.139172491,1.552893501,0.760090332,-2.692959748,-0.46487649,-1.906384205,4.416658115,1.387607944,-0.504385706,-0.422225651,-0.529227691,1.120917981,0.12482635,-2.479468965,1.604670628,3.143271744,-3.184544378,-1.268221394,0.484133315,-1.3831018,0.539434291,-2.533366799,-3.22016627,-1.359273215,-1.065566461,-1.645587713,-1.252979734,3.849931249,-0.052066257,-1.937703695,5.707688636,0.114700597,-2.981763802,4.92690889,1.090265296,-0.159369502,-0.407963675,-1.861697201,1.240784262,3.081652056
97_RNA,7.845693708,-2.291252858,4.773764599,0.909477215,-2.403481598,10.26249288,-0.518362199,-4.76291997,1.953054333,-1.572690689,-1.208634114,-0.604130493,-0.953451874,0.232943755,1.312027167,-0.258074542,-0.143928272,1.326207228,-0.15896398,1.443346818,-1.261108482,-1.250658261,0.277095018,0.763940661,-0.699184972,-1.548237355,1.073082291,1.593699402,2.781927261,1.243049683,2.030797682,0.876668768,-0.640732855,-1.463372495,0.053664888,0.884954554,0.042163836,-0.589221034,-0.022088606,1.435566655,0.183862672,-1.232889961,-0.779863068,-0.421326542,-1.218411579,0.993176554,-0.208303282,-0.811541612,1.082723283,-0.039958702
98_RNA,-27.52961514,-3.264623689,1.12913939,-2.169316391,-1.768528718,-0.964923455,0.957642099,3.216582695,-0.537551091,-1.879217871,-4.787675836,2.059359024,-2.501643535,-5.118458748,5.562420341,-2.022090546,0.547845719,-3.736940562,-1.466162041,0.503844792,-0.405320026,0.656300614,-0.171452779,0.311109151,0.706780406,-1.054807554,2.816255487,1.125107829,-0.923188934,-0.087030058,-1.960114591,1.930043623,1.073190644,1.433088669,0.318160449,0.149880496,3.277876755,-0.030962108,-1.858226572,0.723761992,-2.990097065,0.014182349,1.652881581,1.40179597,-1.182812402,-2.24332979,-2.289592176,-1.380967263,-0.108315264,-0.512785271
99_RNA,11.70612075,-5.265760151,1.733909433,-0.187364886,0.999816002,-4.744348354,-7.692107925,-2.893581435,-0.790019985,-1.258566534,-0.170666736,0.882845091,3.902972787,1.222454089,-0.647052923,-1.555849301,2.169042964,0.806105518,-2.201029153,3.256859758,2.129475145,1.347172259,1.728400068,1.609401014,-1.482042765,1.253651528,0.726041706,2.865452071,-2.902027142,-1.089338293,-0.185460881,1.473883847,-1.340450963,-0.235650225,-2.051410713,0.765521162,1.335991423,4.019021132,1.711349041,3.846513332,-0.222660107,-0.481110185,-2.720031108,0.558132529,1.542671679,2.174713216,-3.597863689,0.165628506,1.371488225,3.237922971
100_RNA,10.49777226,-5.756933999,-14.54586243,0.014394914,-0.424125615,-2.722851953,-2.776554598,-2.925567491,0.093750932,5.772390309,-5.931204525,1.323197335,-2.742901508,2.588025158,-0.28602946,-1.606323781,1.034997165,-1.030805659,0.014392846,-5.532444564,-2.871956948,-1.80768429,1.086657443,1.11345902,-6.191752993,0.887312844,1.092230833,1.114499288,1.13237945,0.145608736,-1.663004353,-3.221565903,-0.652058333,2.842514204,-0.418242926,1.575320036,0.745369445,4.625652825,1.454425179,0.723800848,-1.280177925,-4.542765308,-3.422680027,-2.269654806,-0.130549107,-0.756143088,-1.077815315,0.242416048,-1.49823897,0.475994599
